{
  "project_info": {
    "project_number": "601260353552",
    "firebase_url": "https://nyambat-dd4c8.firebaseio.com",
    "project_id": "nyambat-dd4c8",
    "storage_bucket": "nyambat-dd4c8.appspot.com"
  },
  "client": [
    {
      "client_info": {
        "mobilesdk_app_id": "1:601260353552:android:aadcfbd68343847bd64295",
        "android_client_info": {
          "package_name": "id.studio51.nyambat"
        }
      },
      "oauth_client": [
        {
          "client_id": "601260353552-lodt0j6r5oivm77i99f4tqed54rrk67s.apps.googleusercontent.com",
          "client_type": 1,
          "android_info": {
            "package_name": "id.studio51.nyambat",
            "certificate_hash": "e6a2faa0fdbb75f1cb7e21798d67761d9ddfaded"
          }
        },
        {
          "client_id": "601260353552-ug2d8v71iie22hjsjc9399pq57rrl8ql.apps.googleusercontent.com",
          "client_type": 3
        }
      ],
      "api_key": [
        {
          "current_key": "AIzaSyAe4y2fjc_gm0-AwypHSOqm6auJ25ORhaE"
        }
      ],
      "services": {
        "appinvite_service": {
          "other_platform_oauth_client": [
            {
              "client_id": "601260353552-ug2d8v71iie22hjsjc9399pq57rrl8ql.apps.googleusercontent.com",
              "client_type": 3
            }
          ]
        }
      }
    }
  ],
  "configuration_version": "1"
}